{"Train Loss": 0.046498728571114714, "Epoch": 69, "_timestamp": 1679910249.4393427, "_runtime": 475.05564880371094, "_step": 139, "Validation Accuracy": 0.9234567901234568, "Validation F1": 0.954920019389239, "_wandb": {"runtime": 477}}