{"Train Loss": 0.0693278952881142, "Epoch": 44, "_timestamp": 1679693417.7365308, "_runtime": 219.9606146812439, "_step": 89, "Validation Accuracy": 0.8732510288065843, "Validation F1": 0.9297445255474452}