{"Train Loss": 0.04014578461647034, "Epoch": 49, "_timestamp": 1679696244.3941865, "_runtime": 170.0606324672699, "_step": 99, "Validation Accuracy": 0.9308641975308642, "Validation F1": 0.9594594594594594, "_wandb": {"runtime": 174}}