{"Train Loss": 0.07127102305860938, "Epoch": 99, "_timestamp": 1679679134.025272, "_runtime": 210.66133379936218, "_step": 199, "Validation Accuracy": 0.9198717948717948, "Validation F1": 0.9370277078085643, "_wandb": {"runtime": 215}}