{"Train Loss": 0.0726396243364827, "Epoch": 99, "_timestamp": 1679680338.224519, "_runtime": 175.17628693580627, "_step": 199, "Validation Accuracy": 0.9342948717948718, "Validation F1": 0.9500609013398295, "_wandb": {"runtime": 179}}