{"Train Loss": 0.20596217470140094, "Epoch": 9, "_timestamp": 1679685857.989579, "_runtime": 38.893494844436646, "_step": 19, "Validation Accuracy": 0.9242798353909465, "Validation F1": 0.9555555555555555, "_wandb": {"runtime": 43}}