{"Train Loss": 0.17537365720986767, "Epoch": 59, "_timestamp": 1679686107.9067457, "_runtime": 226.49022364616394, "_step": 119, "Validation Accuracy": 0.9275720164609054, "Validation F1": 0.956820412168793, "_wandb": {"runtime": 230}}