{"Train Loss": 0.03995179688488996, "Epoch": 99, "_timestamp": 1679911646.9772584, "_runtime": 287.5706753730774, "_step": 199, "Validation Accuracy": 0.9308641975308642, "Validation F1": 0.9595765158806544, "_wandb": {"runtime": 290}}