{"Train Loss": 0.12699835969100673, "Epoch": 99, "_timestamp": 1679686820.1679733, "_runtime": 315.12056732177734, "_step": 199, "Validation Accuracy": 0.9423868312757202, "Validation F1": 0.9662487945998072, "_wandb": {"runtime": 319}}