{"Train Loss": 0.0458639876710044, "Epoch": 19, "_timestamp": 1679694495.2236567, "_runtime": 75.2301697731018, "_step": 39, "Validation Accuracy": 0.9209876543209876, "Validation F1": 0.9541984732824428, "_wandb": {"runtime": 79}}