{"Train Loss": 0.03957590709129969, "Epoch": 99, "_timestamp": 1679910867.4246132, "_runtime": 363.4380102157593, "_step": 199, "Validation Accuracy": 0.9275720164609054, "Validation F1": 0.956989247311828, "_wandb": {"runtime": 366}}