{"Train Loss": 0.045912218314630014, "Epoch": 99, "_timestamp": 1679918056.4169106, "_runtime": 444.9650967121124, "_step": 199, "Validation Accuracy": 0.9292181069958848, "Validation F1": 0.95821185617104, "_wandb": {"runtime": 447}}